"ID";"usefulNameBase";"uniqueName";"surfaceName";"属性";"死亡ドロップアイテムID";"強特攻耐性";"特攻耐性";"強元気耐性";"元気耐性";"強頑強耐性";"頑強耐性";"強特攻弱点";"特攻弱点";"強脱力弱点";"脱力弱点";"強軟弱弱点";"軟弱弱点";"$/クラス";"出現階";"経験値";"MHP";"攻撃力";"防御力";"デフォルト速度移動";"デフォルト速度攻撃";"$/メモ";"特殊使用率";"特殊消費SP";"$/メモ";"汎用定数一";"$/メモ";"汎用定数二";"$/メモ";"汎用定数三";"$/メモ";"汎用定数四"
2000;"ノラケダマ";"ノラケダマ";"ノラケダマ";"毛玉";"0|970";;;;;;;;;;;;;"CLASS 0";1;1;5;2;0;0;0;;0;0;;0;;0;;0;;0
;;;;;"-1|30";;;;;;;;;;;;;"CLASS 1";2;2;7;4;0;0;0;;0;0;;0;;0;;0;;0
;;;;;;;;;;;;;;;;;;"CLASS 2";18;41;20;29;120;0;0;;0;0;;0;;0;;0;;0
;;;;;;;;;;;;;;;;;;"CLASS 3";36;180;20;50;170;0;0;;0;0;;0;;0;;0;;0
;;;;;;;;;;;;;;;;;;"CLASS 4";58;830;20;65;220;0;0;;0;0;;0;;0;;0;;0
;;;;;;;;;;;;;;;;;;"CLASS ＥＸ";68;1500;20;72;242;0;0;;0;0;;0;;0;;0;;0
2001;"ザコヨウセイ";"ザコヨウセイ";"ザコヨウセイ";"妖精";"0|970";;;;;;;;;;"冷";;;"CLASS 0";1;1;6;3;3;0;0;;0;0;;0;;0;;0;;0
;;;;;"-1|30";;;;;;;;;;;;;"CLASS 1";2;2;10;5;4;0;0;;0;0;;0;;0;;0;;0
;;;;;;;;;;;;;;;;;;"CLASS 2";14;25;45;23;7;0;0;;0;0;;0;;0;;0;;0
;;;;;;;;;;;;;;;;;;"CLASS 3";38;225;90;50;7;0;0;;0;0;;0;;0;;0;;0
;;;;;;;;;;;;;;;;;;"CLASS 4";64;1200;170;82;9;0;0;;0;0;;0;;0;;0;;0
;;;;;;;;;;;;;;;;;;"CLASS ＥＸ";74;2200;187;90;10;0;0;;0;0;;0;;0;;0;;0
2002;"メイドヨウセイ";"メイドヨウセイ";"メイドヨウセイ";"妖精";"0|940";;;;;;;;;;;;;"CLASS 0";4;4;12;8;5;0;0;"弾幕発射";90;10;"射程";10;"発射弾ID";2000;;0;;0
;;;;;"-1|30";;;;;;;;;;;;;"CLASS 1";10;15;35;20;7;0;0;;90;10;;10;;2001;;0;;0
;;;;;"2000|30";;;;;;;;;;;;;"CLASS 2";26;75;65;45;12;0;0;;90;10;;15;;2004;;0;;0
;;;;;;;;;;;;;;;;;;"CLASS 3";38;200;85;52;15;0;0;;90;10;;20;;2004;;0;;0
;;;;;;;;;;;;;;;;;;"CLASS 4";72;2000;140;130;20;0;0;;90;5;;20;;2004;;0;;0
;;;;;;;;;;;;;;;;;;"CLASS ＥＸ";82;3500;154;146;22;0;0;;90;5;;20;;2004;;0;;0
2003;"ダイヨウセイ";"ダイヨウセイ";"ダイヨウセイ";"妖精";"0|970";;;;;;;;;;;;;"CLASS 0";3;3;10;6;3;0;0;"目の前にワープ";100;100;"ヒットアンドアウェイ確率％";0;;0;;0;;0
;;;;;"-1|30";;;;;;;;;;;;;"CLASS 1";8;10;47;18;5;0;0;;100;0;;0;;0;;0;;0
;;;;;;;;;;;;;;;;;;"CLASS 2";23;65;80;37;5;0;0;;100;0;;0;;0;;0;;0
;;;;;;;;;;;;;;;;;;"CLASS 3";50;500;125;55;10;0;0;;100;0;;0;;0;;0;;0
;;;;;;;;;;;;;;;;;;"CLASS 4";70;1700;240;130;13;0;0;;100;0;;0;;0;;0;;0
;;;;;;;;;;;;;;;;;;"CLASS ＥＸ";80;3100;264;143;14;0;0;;100;0;;0;;0;;0;;0
2004;"レミリア";"レミリア";"レミリア";"吸血鬼";"0|960";;;;;;;;;;"水";;"水";"CLASS 0";8;11;42;16;3;0;0;"HP吸収";40;20;"HP吸収率";40;;0;"HP吸収率";40;;0
;;;;"鬼";"-1|28";;;;;;;;;;;;;"CLASS 1";17;38;65;40;5;0;0;;50;15;;50;;0;;50;;0
;;;;;"1015|0";;;;;;;;;;;;;"CLASS 2";34;160;115;35;7;1;1;;60;15;;60;;0;;60;;0
;;;;;"3017|8";;;;;;;;;;;;;"CLASS 3";66;1300;190;120;10;1;1;;70;10;;70;;0;;70;;0
;;;;;;;;;;;;;;;;;;"CLASS 4";95;7000;270;280;15;1;1;;70;10;;75;;0;;75;;0
;;;;;;;;;;;;;;;;;;"CLASS ＥＸ";105;13000;297;308;16;1;1;;70;10;;75;;0;;75;;0
2005;"フランドール";"フランドール";"フランドール";"吸血鬼";"0|960";;;;;;;;;;"水";;"水";"CLASS 0";8;11;48;16;3;0;0;"きゅっとしてどかーん";35;25;"どかーん攻撃力";26;"分身確率％";15;"分身消費SP";100;;0
;;;;"鬼";"-1|28";;;;;;;;;;;;;"CLASS 1";17;37;65;32;5;0;0;;35;20;;52;;18;;50;;0
;;;;;"1030|0";;;;;;;;;;;;;"CLASS 2";50;495;100;52;7;0;0;;40;15;;95;;21;;25;;0
;;;;;"3018|8";;;;;;;;;;;;;"CLASS 3";66;1300;180;140;10;0;0;;40;10;;265;;24;;25;;0
;;;;;;;;;;;;;;;;;;"CLASS 4";95;7500;290;280;15;0;0;;50;5;;580;;30;;25;;0
;;;;;;;;;;;;;;;;;;"CLASS ＥＸ";105;13000;319;308;16;0;0;;50;5;;638;;30;;25;;0
2006;"サクヤ";"サクヤ";"サクヤ";"人間";"0|900";;;;;;;;;;;;;"CLASS 0";7;9;28;9;7;0;0;"連続攻撃";100;0;"連続攻撃回数";2;"ワープしだす最低距離";0;"ワープしだす最大距離";0;"ワープ距離";0
;;;;;"-1|20";;;;;;;;;;;;;"CLASS 1";13;23;58;17;18;0;0;;100;0;;2;;0;;0;;0
;;;;;"1001|48";;;;;;;;;;;;;"CLASS 2";29;110;80;26;30;0;0;;100;0;;3;;3;;10;;5
;;;;;"3021|4";;;;;;;;;;;;;"CLASS 3";68;1500;150;75;35;0;0;;100;0;;3;;3;;10;;5
;;;;;"2009|20";;;;;;;;;;;;;"CLASS 4";95;7500;220;125;40;0;0;;100;0;;4;;3;;10;;10
;;;;;"2012|8";;;;;;;;;;;;;"CLASS ＥＸ";105;13000;242;138;44;0;0;;100;0;;4;;3;;10;;10
2007;"ルーミア";"ルーミア";"ルーミア";"妖怪";"0|960";;;;;;;;;;;;;"CLASS 0";3;3;14;8;4;0;0;;0;10;"暗闇半径";1;;0;;0;;0
;;;;;"-1|30";;;;;;;;;;;;;"CLASS 1";9;13;50;21;7;0;0;;0;10;;2;;0;;0;;0
;;;;;"3012|10";;;;;;;;;;;;;"CLASS 2";22;60;90;42;8;0;0;;0;10;;3;;0;;0;;0
;;;;;;;;;;;;;;;;;;"CLASS 3";36;180;140;58;10;0;0;;0;10;;4;;0;;0;;0
;;;;;;;;;;;;;;;;;;"CLASS 4";70;1700;220;140;12;0;0;;0;10;;5;;0;;0;;0
;;;;;;;;;;;;;;;;;;"CLASS ＥＸ";80;3100;242;154;13;0;0;;0;10;;5;;0;;0;;0
2008;"ニトリ";"ニトリ";"ニトリ";"妖怪";"0|980";;;;"水";;"水";;"雷";;;;;"CLASS 0";6;7;30;13;9;0;0;"アイテム泥棒";35;50;"アイテム所持制限数";2;"元気頑強強度";2;"元気頑強ターン";500;"エスケープ時攻撃率％";50
;;;;;"-1|15";;;;;;;;;;;;;"CLASS 1";14;26;56;20;12;0;0;;35;30;;3;;3;;500;;50
;;;;;"3016|5";;;;;;;;;;;;;"CLASS 2";34;160;135;42;23;0;0;;35;25;;4;;4;;500;;50
;;;;;;;;;;;;;;;;;;"CLASS 3";51;530;170;60;35;0;0;;35;20;;5;;5;;500;;50
;;;;;;;;;;;;;;;;;;"CLASS 4";73;2100;250;150;40;0;0;;35;20;;5;;5;;500;;50
;;;;;;;;;;;;;;;;;;"CLASS ＥＸ";83;3700;275;165;44;0;0;;35;20;;5;;5;;500;;50
2009;"エイキ";"エイキ";"エイキ";"閻魔";"0|940";;;;;;;;;;;;;"CLASS 0";9;13;45;20;7;0;0;"説教（ひるみ）";30;100;"ひるみターン";2;;0;;0;;0
;;;;;"-1|30";;;;;;;;;;;;;"CLASS 1";21;55;80;37;12;0;0;;30;100;;3;;0;;0;;0
;;;;;"1031|25";;;;;;;;;;;;;"CLASS 2";30;110;105;43;16;0;0;;30;50;;3;;0;;0;;0
;;;;;"3049|5";;;;;;;;;;;;;"CLASS 3";50;500;140;55;21;0;0;;30;25;;4;;0;;0;;0
;;;;;;;;;;;;;;;;;;"CLASS 4";81;3300;180;150;32;0;0;;30;20;;4;;0;;0;;0
;;;;;;;;;;;;;;;;;;"CLASS ＥＸ";91;6000;198;165;35;0;0;;30;20;;4;;0;;0;;0
2010;"ヒナ";"ヒナ";"ヒナ";"神";"0|950";;;;;;;;"爆";;;;;"CLASS 0";5;6;68;10;2;0;0;"厄吸収";30;100;"厄爆発アイテム汚染数";1;"元気頑強強度";3;"元気頑強ターン";3000;;0
;;;;;"-1|10";;;;;;;;;;;;;"CLASS 1";16;33;140;24;8;0;0;;30;100;;1;;4;;3000;;0
;;;;;"1042|10";;;;;;;;;;;;;"CLASS 2";30;110;182;36;12;0;0;;30;100;;2;;6;;3000;;0
;;;;;"3005|30";;;;;;;;;;;;;"CLASS 3";55;690;260;80;20;0;0;;30;100;;3;;8;;3000;;0
;;;;;;;;;;;;;;;;;;"CLASS 4";90;5600;420;150;25;0;0;;30;100;;4;;10;;3000;;0
;;;;;;;;;;;;;;;;;;"CLASS ＥＸ";100;10000;462;150;28;0;0;;30;100;;4;;10;;3000;;0
2011;"ユユコ";"ユユコ";"ユユコ";"幽霊";"0|950";;;;;;;;;;;;;"CLASS 0";7;9;38;18;8;0;0;"死の誘い";25;100;"死の誘いターン";10;"ふらつき率％";50;;0;;0
;;;;;"-1|10";;;;;;;;;;;;;"CLASS 1";13;23;65;28;15;0;0;;25;100;;7;;50;;0;;0
;;;;;"1009|30";;;;;;;;;;;;;"CLASS 2";27;93;115;45;17;0;0;;25;100;;5;;50;;0;;0
;;;;;"3013|10";;;;;;;;;;;;;"CLASS 3";42;290;190;68;20;0;0;;25;100;;4;;50;;0;;0
;;;;;;;;;;;;;;;;;;"CLASS 4";75;2300;320;150;20;0;0;;25;100;;3;;50;;0;;0
;;;;;;;;;;;;;;;;;;"CLASS ＥＸ";85;4200;352;165;22;0;0;;25;100;;3;;50;;0;;0
2012;"ヨウム";"ヨウム";"ヨウム";"人間";"0|950";;;;;;;;;;"水";;;"CLASS 0";7;9;26;14;9;0;0;"装備弾き飛ばし";25;25;"飛ばし距離";1;"武器飛ばしフラグ";0;"防具飛ばしフラグ";0;"スペル飛ばしフラグ";1
;;;;"幽霊";"-1|10";;;;;;;;;;;;;"CLASS 1";12;20;52;28;10;0;0;;25;25;;3;;1;;0;;1
;;;;;"1005|15";;;;;;;;;;;;;"CLASS 2";34;160;85;44;19;0;0;;25;25;;4;;1;;1;;1
;;;;;"1006|15";;;;;;;;;;;;;"CLASS 3";66;1300;140;90;22;0;0;;25;20;;5;;1;;1;;1
;;;;;"3006|10";;;;;;;;;;;;;"CLASS 4";75;2300;220;170;25;0;0;;25;10;;10;;1;;1;;1
;;;;;;;;;;;;;;;;;;"CLASS ＥＸ";85;4200;242;187;28;0;0;;25;10;;10;;1;;1;;1
2013;"チルノ";"チルノ";"チルノ";"妖精";"0|940";;;;"冷";;"冷";;"火";;"火";;"火";"CLASS 0";3;3;12;7;3;0;0;"氷付け";40;50;"氷付け効果ターン";5;"冷気耐性％";50;;0;;0
;;;;;"-1|10";;;;;;;;;;;;;"CLASS 1";8;11;38;15;8;0;0;;45;50;;5;;50;;0;;0
;;;;;"1050|40";;;;;;;;;;;;;"CLASS 2";26;86;115;38;15;0;0;;50;25;;7;;50;;0;;0
;;;;;"3015|10";;;;;;;;;;;;;"CLASS 3";36;180;155;55;22;0;0;;50;20;;7;;50;;0;;0
;;;;;;;;;;;;;;;;;;"CLASS 4";70;1700;240;140;25;0;0;;50;10;;10;;50;;0;;0
;;;;;;;;;;;;;;;;;;"CLASS ＥＸ";80;3100;264;154;28;0;0;;50;10;;10;;50;;0;;0
2014;"マリサ";"マリサ";"マリサ";"人間";"0|0";;;;;;;;;;;;;"CLASS 0";5;6;42;8;5;0;0;"泥棒";100;100;"様子見確率％";80;"装備品泥棒(スペルのみ)";0;"暇投げ距離";4;;0
;3;;0;;;;;;;;;;;;;;;;;;;;;;;;;;;;;;;;;
;;;;"泥棒";"-1|930";;;;;;;;;;;;;"CLASS 1";11;18;58;15;10;0;0;;100;100;;60;;0;;6;;0
;;;;"魔法使い";"1034|60";;;;;;;;;;;;;"CLASS 2";37;200;120;45;20;0;0;;100;100;;50;;0;;10;;0
;;;;;"3004|10";;;;;;;;;;;;;"CLASS 3";68;1500;170;110;30;0;0;;100;100;;50;;1;;20;;0
;;;;;;;;;;;;;;;;;;"CLASS 4";90;5600;250;180;40;0;0;;100;100;;40;;1;;100;;0
;;;;;;;;;;;;;;;;;;"CLASS ＥＸ";100;10000;275;198;44;0;0;;100;100;;40;;1;;100;;0
2015;"パチュリー";"パチュリー";"パチュリー";"魔法使い";"0|970";;"冷";;;;;;;;;;;"CLASS 0";7;9;20;1;4;-1;-1;"全属性攻撃魔法";30;10;"全属性攻撃耐性％";50;"特殊攻撃攻撃力";20;;0;;0
;;;;;"-1|20";;"火";;;;;;;;;;;"CLASS 1";12;20;42;1;10;-1;-1;;60;10;;50;;30;;0;;0
;;;;;"3008|10";;"水";;;;;;;;;;;"CLASS 2";29;110;60;1;20;0;0;;75;10;;50;;30;;0;;0
;;;;;;;"爆";;;;;;;;;;;"CLASS 3";38;210;80;1;25;0;0;;75;10;;50;;40;;0;;0
;;;;;;;"気";;;;;;;;;;;"CLASS 4";72;1900;150;1;30;0;0;;80;0;;50;;60;;0;;0
;;;;;;;"雷";;;;;;;;;;;"CLASS ＥＸ";82;1900;165;1;33;0;0;;80;0;;50;;66;;0;;0
2016;"コアクマ";"コアクマ";"コアクマ";"鬼";"0|970";;;;;;;;"爆";;;;;"CLASS 0";6;7;65;9;8;0;0;;0;10;"爆発ダメージ％";20;;0;;0;;0
;;;;"妖怪";"-1|30";;;;;;;;;;;;;"CLASS 1";8;11;97;18;8;0;0;;0;10;;25;;0;;0;;0
;;;;;;;;;;;;;;;;;;"CLASS 2";29;110;175;40;10;0;0;;0;10;;50;;0;;0;;0
;;;;;;;;;;;;;;;;;;"CLASS 3";38;210;240;50;12;0;0;;0;10;;75;;0;;0;;0
;;;;;;;;;;;;;;;;;;"CLASS 4";72;1900;360;100;14;0;0;;0;10;;80;;0;;0;;0
;;;;;;;;;;;;;;;;;;"CLASS ＥＸ";82;3500;396;110;16;0;0;;0;10;;80;;0;;0;;0
2017;"ウドンゲ";"ウドンゲ";"ウドンゲ";"妖怪";"0|960";;;;;;;;;;;;;"CLASS 0";5;6;28;12;6;0;0;"錯乱";30;100;;0;;0;;0;;0
;;;;"獣";"-1|30";;;;;;;;;;;;;"CLASS 1";12;20;62;19;10;0;0;;30;33;;0;;0;;0;;0
;;;;;"3007|10";;;;;;;;;;;;;"CLASS 2";34;160;125;40;15;0;0;;30;25;;0;;0;;0;;0
;;;;;;;;;;;;;;;;;;"CLASS 3";66;1300;165;85;21;0;0;;30;20;;0;;0;;0;;0
;;;;;;;;;;;;;;;;;;"CLASS 4";80;3100;230;140;30;0;0;;35;10;;0;;0;;0;;0
;;;;;;;;;;;;;;;;;;"CLASS ＥＸ";90;5600;263;154;33;0;0;;35;10;;0;;0;;0;;0
2018;"アヤ";"アヤ";"アヤ";"天狗";"0|950";;;;;;;;;"水";;;"水";"CLASS 0";8;11;33;14;4;1;0;"吹き飛ばし";25;10;"吹き飛ばし距離";5;"吹き飛ばしダメージ";5;;0;;0
;;;;;"-1|10";;;;;;;;;;;;;"CLASS 1";19;45;65;24;12;1;0;;25;10;;5;;10;;0;;0
;;;;;"1027|30";;;;;;;;;;;;;"CLASS 2";32;130;80;25;18;1;1;;25;10;;10;;15;;0;;0
;;;;;;;;;;;;;;;;;;"CLASS 3";54;640;130;48;25;1;1;;30;10;;10;;20;;0;;0
;;;;;;;;;;;;;;;;;;"CLASS 4";83;3700;190;82;25;2;2;;30;10;;10;;30;;0;;0
;;;;;;;;;;;;;;;;;;"CLASS ＥＸ";93;6700;209;90;28;2;2;;30;10;;10;;30;;0;;0
2019;"レイム";"レイム";"レイム";"人間";"0|930";;;;;;;;;;;;;"CLASS 0";6;7;38;14;6;0;0;"ホーミング弾";40;30;"ホーミング弾威力";12;"射程";2;"投稿物をXダメージに（0の場合は無効）";0;;0
;;;;;"-1|10";;;;;;;;;;;;;"CLASS 1";13;23;62;35;15;0;0;;25;25;;32;;4;;0;;0
;;;;;"1033|25";;;;;;;;;;;;;"CLASS 2";37;200;110;52;28;0;0;;18;20;;48;;6;;0;;0
;;;;;"3003|5";;;;;;;;;;;;;"CLASS 3";68;1500;180;98;37;0;0;;15;10;;92;;9;;0;;0
;;;;;"2010|30";;;;;;;;;;;;;"CLASS 4";90;5600;280;200;42;0;0;;10;5;;200;;20;;0;;0
;;;;;;;;;;;;;;;;;;"CLASS ＥＸ";100;10000;308;220;46;0;0;;10;5;;220;;20;;0;;0
2020;"リンノスケ";"リンノスケ";"リンノスケ";"人間";"0|1000";;;;;;;;;;;;;"CLASS 0";1;10;300;500;200;0;0;;0;10;"魔法乱反射";1;"アイテム反射";0;"即死耐性";0;"ダメージ固定１";0
;;;;"妖怪";"3000|1000";;;;;;;;;;;;;"CLASS 1";1;10;400;600;250;0;0;;0;10;;1;;1;;0;;0
;;;;;;;;;;;;;;;;;;"CLASS 2";1;10;500;700;300;0;0;;0;10;;1;;1;;1;;0
;;;;;;;;;;;;;;;;;;"CLASS 3";1;10;500;800;400;0;0;;0;10;;1;;1;;1;;1
;;;;;;;;;;;;;;;;;;"CLASS 4";1;10;500;800;500;1;1;;0;10;;1;;1;;1;;1
;;;;;;;;;;;;;;;;;;"CLASS ＥＸ";1;10;500;880;550;1;1;;0;10;;1;;1;;1;;1
2021;"ノラケダマアシュ";"ノラケダマアシュ";"ノラケダマアシュ";"毛玉";"0|0";;;;;;;;;;;;;"CLASS 0";20;50;5;32;0;0;0;;0;0;"ダメージ強制";1;"異常状態無効";0;"ドロップお金ID";;;0
;;;;;;;;;;;;;;;;;;"CLASS 1";32;130;10;32;0;0;0;;0;0;;1;;1;;;;0
;;;;;;;;;;;;;;;;;;"CLASS 2";70;1700;10;70;0;1;1;;0;0;;1;;1;;;;0
;;;;;;;;;;;;;;;;;;"CLASS 3";95;7500;10;150;0;1;1;;0;0;;1;;1;;;;0
;;;;;;;;;;;;;;;;;;"CLASS 4";99;9400;10;150;0;2;2;;0;0;;1;;1;;;;0
;;;;;;;;;;;;;;;;;;"CLASS ＥＸ";109;16000;10;165;0;2;2;;0;0;;1;;1;;;;0
2022;"サナエ";"サナエ";"サナエ";"人間";"0|960";;;;;;;;;;;;;"CLASS 0";5;6;35;14;4;0;0;"ケロケロ雨";30;25;"使用魔術書ID";6006;"使用魔術書ID";6010;"使用魔術書ID";6001;"使用魔術書ID";6012
;;;;"神";"-1|15";;;;;;;;;;;;;"CLASS 1";12;20;60;20;8;0;0;;30;20;;6006;;6010;;6005;;6012
;;;;;"3032|10";;;;;;;;;;;;;"CLASS 2";30;110;85;29;10;0;0;;35;15;;6006;;6017;;6013;;6004
;;;;;"6006|20";;;;;;;;;;;;;"CLASS 3";49;460;125;45;12;0;0;;35;10;;6006;;6004;;6009;;6005
;;;;;;;;;;;;;;;;;;"CLASS 4";73;2100;140;80;15;0;0;;40;5;;6006;;6000;;6014;;6016
;;;;;;;;;;;;;;;;;;"CLASS ＥＸ";83;3700;150;88;15;0;0;;40;5;;6006;;6000;;6014;;6016
2023;"メイリン";"メイリン";"メイリン";"妖怪";"0|960";;"気";;;;;;;;;;;"CLASS 0";5;6;26;9;10;0;0;"必殺の一撃";25;0;"必殺の一撃ダメージUP％";50;"気属性耐性";50;"+弾幕のダメージ倍率";50;;0
;;;;;"-1|15";;;;;;;;;;;;;"CLASS 1";9;13;52;13;18;0;0;;25;0;;50;;50;;50;;0
;;;;;"3019|10";;;;;;;;;;;;;"CLASS 2";27;93;140;35;33;0;0;;25;0;;50;;50;;50;;0
;;;;;;;;;;;;;;;;;;"CLASS 3";38;210;175;50;48;0;0;;25;0;;50;;50;;50;;0
;;;;;;;;;;;;;;;;;;"CLASS 4";72;1900;280;110;72;0;0;;25;0;;50;;50;;50;;0
;;;;;;;;;;;;;;;;;;"CLASS ＥＸ";82;3500;290;121;79;0;0;;25;0;;50;;50;;50;;0
2024;"トキコ";"トキコ";"トキコ";"妖怪";"0|100";;;;;;;;;;;;;"CLASS 0";1;10;80;70;40;1;1;;0;0;;0;;0;;0;;0
;;;;;;;;;;;;;;;;;;"CLASS 1";1;10;140;90;45;1;1;;0;0;;0;;0;;0;;0
;;;;;;;;;;;;;;;;;;"CLASS 2";1;10;220;120;50;1;1;;0;0;;0;;0;;0;;0
;;;;;;;;;;;;;;;;;;"CLASS 3";1;10;300;150;55;1;1;;0;0;;0;;0;;0;;0
;;;;;;;;;;;;;;;;;;"CLASS 4";1;10;350;200;60;1;1;;0;0;;0;;0;;0;;0
;;;;;;;;;;;;;;;;;;"CLASS ＥＸ";1;10;385;220;63;1;1;;0;0;;0;;0;;0;;0
2025;"イク";"イク";"イク";;"0|950";;"雷";;;;;;;;"冷";;"冷";"CLASS 0";7;9;30;13;6;0;0;"落雷";2;50;"電気耐性%";50;"落雷ダメージ";5;;0;;0
;;;;;"-1|10";;;;;;;;;;;;;"CLASS 1";18;41;75;25;12;0;0;;2;50;;50;;10;;0;;0
;;;;;"1003|15";;;;;;;;;;;;;"CLASS 2";41;270;120;38;20;0;0;;4;25;;50;;20;;0;;0
;;;;;"1060|15";;;;;;;;;;;;;"CLASS 3";50;500;140;58;25;0;0;;4;25;;50;;25;;0;;0
;;;;;"3034|10";;;;;;;;;;;;;"CLASS 4";81;3300;220;130;30;0;0;;8;10;;50;;30;;0;;0
;;;;;;;;;;;;;;;;;;"CLASS ＥＸ";91;6000;242;143;33;0;0;;8;10;;50;;30;;0;;0
2026;"シズハ";"シズハ";"シズハ";"神";"0|960";;;;;;;;;;"冷";;"冷";"CLASS 0";3;3;7;5;3;0;0;"満腹度低下";50;25;"追加ドロップID";4000;"満腹度減少量";10;;0;;0
;;;;;"-1|20";;;;;;;;;;;;;"CLASS 1";7;9;23;10;5;0;0;;50;25;;4000;;20;;0;;0
;;;;;;;;;;;;;;;;;;"CLASS 2";23;66;55;22;6;0;0;;50;20;;4000;;30;;0;;0
;;;;;;;;;;;;;;;;;;"CLASS 3";54;640;100;36;7;0;0;;50;20;;4000;;35;;0;;0
;;;;;;;;;;;;;;;;;;"CLASS 4";83;3700;150;43;10;0;0;;50;10;;4000;;40;;0;;0
;;;;;;;;;;;;;;;;;;"CLASS ＥＸ";93;6700;165;46;11;0;0;;50;10;;4000;;40;;0;;0
2027;"スイカ";"スイカ";"スイカ";"鬼";"0|950";;;;;;;;;;;;;"CLASS 0";8;11;35;16;9;0;0;"8方向泥酔攻撃";20;100;"泥酔ターン";3;"分裂確率％";10;"分裂消費SP";100;;0
;;;;;"-1|10";;;;;;;;;;;;;"CLASS 1";18;41;74;35;11;0;0;;25;50;;3;;12;;50;;0
;;;;;"1037|30";;;;;;;;;;;;;"CLASS 2";33;150;100;45;14;0;0;;30;50;;4;;15;;33;;0
;;;;;"3027|10";;;;;;;;;;;;;"CLASS 3";50;500;145;80;17;0;0;;30;50;;5;;20;;33;;0
;;;;;;;;;;;;;;;;;;"CLASS 4";81;3300;230;180;20;0;0;;35;25;;10;;25;;20;;0
;;;;;;;;;;;;;;;;;;"CLASS ＥＸ";91;6000;263;198;20;0;0;;35;25;;10;;25;;20;;0
2028;"スワコ";"スワコ";"スワコ";"神";"0|970";;;;"水";;"水";;"雷";;"冷";;"冷";"CLASS 0";5;6;23;12;5;0;0;"呪い攻撃";25;100;"脱力軟弱強度";10;"脱力軟弱ターン";3000;"水属性耐性％";50;;0
;;;;;"-1|20";;;;;;;;;;;;;"CLASS 1";16;33;48;24;14;0;0;;30;50;;10;;3000;;50;;0
;;;;;"3011|10";;;;;;;;;;;;;"CLASS 2";31;120;78;30;24;0;0;;40;33;;5;;3000;;50;;0
;;;;;;;;;;;;;;;;;;"CLASS 3";63;1100;132;70;32;0;0;;40;33;;5;;3000;;50;;0
;;;;;;;;;;;;;;;;;;"CLASS 4";83;3700;180;120;40;0;0;;50;25;;5;;3000;;50;;0
;;;;;;;;;;;;;;;;;;"CLASS ＥＸ";93;6700;198;132;44;0;0;;50;25;;5;;3000;;50;;0
2029;"テンシ";"テンシ";"テンシ";"人間";"0|940";;;;;;;;;;;;;"CLASS 0";7;9;48;15;20;0;0;"飛ばし攻撃";20;20;"吹き飛ばしダメージ";15;"吹き飛ばし距離";2;"頑強強度";1;"頑強ターン";5
;;;;;"-1|20";;;;;;;;;;;;;"CLASS 1";18;41;72;25;27;0;0;;30;20;;20;;2;;2;;5
;;;;;"1052|30";;;;;;;;;;;;;"CLASS 2";41;270;110;32;38;0;0;;30;20;;25;;3;;2;;10
;;;;;"1053|0";;;;;;;;;;;;;"CLASS 3";50;500;125;36;48;0;0;;35;20;;30;;3;;2;;10
;;;;;"3056|10";;;;;;;;;;;;;"CLASS 4";81;3300;160;120;75;0;0;;40;10;;40;;4;;3;;20
;;;;;;;;;;;;;;;;;;"CLASS ＥＸ";91;6000;176;132;82;0;0;;40;10;;40;;4;;3;;20
2030;"パルスィ";"パルスィ";"パルスィ";"神";"0|960";;;;;;;;;;;;;"CLASS 0";6;7;26;12;5;0;0;;20;20;;10;"被攻撃時元気強度";1;"元気ターン";10;;0
;;;;;"-1|30";;;;;;;;;;;;;"CLASS 1";19;45;78;22;13;0;0;;20;20;;15;;2;;10;;0
;;;;;"3031|10";;;;;;;;;;;;;"CLASS 2";29;110;110;38;18;0;0;;30;10;;20;;3;;20;;0
;;;;;;;;;;;;;;;;;;"CLASS 3";58;830;165;80;23;0;0;;30;10;;20;;3;;20;;0
;;;;;;;;;;;;;;;;;;"CLASS 4";86;4500;240;180;28;0;0;;50;10;;25;;4;;30;;0
;;;;;;;;;;;;;;;;;;"CLASS ＥＸ";96;7900;264;198;31;0;0;;50;10;;25;;4;;30;;0
2031;"ミノリコ";"ミノリコ";"ミノリコ";"神";"0|960";;;;;;;;;;"冷";;"冷";"CLASS 0";3;3;8;8;3;0;0;"おにぎらいず";0;0;"変化アイテムＩＤ";4013;;0;;0;;0
;;;;;"-1|30";;;;;;;;;;;;;"CLASS 1";7;9;26;14;5;0;0;;25;20;;4013;;0;;0;;0
;;;;;"3051|10";;;;;;;;;;;;;"CLASS 2";23;66;88;33;9;0;0;;25;20;;4013;;0;;0;;0
;;;;;;;;;;;;;;;;;;"CLASS 3";54;640;160;64;12;0;0;;25;10;;4013;;0;;0;;0
;;;;;;;;;;;;;;;;;;"CLASS 4";83;3700;250;140;20;0;0;;30;5;;4013;;0;;0;;0
;;;;;;;;;;;;;;;;;;"CLASS ＥＸ";93;6700;275;154;22;0;0;;30;5;;4013;;0;;0;;0
2032;"モミジ";"モミジ";"モミジ";"天狗";"0|960";;;;;;;;;"水";;;"水";"CLASS 0";4;4;15;8;11;0;0;"敵おこし";100;0;"正面耐性ＵＰ％";30;"正面以外耐性ダウン％";200;;0;;0
;;;;;"-1|10";;;;;;;;;;;;;"CLASS 1";14;26;68;23;16;0;0;;100;0;;40;;200;;0;;0
;;;;;"1025|10";;;;;;;;;;;;;"CLASS 2";30;110;98;33;23;0;0;;100;0;;50;;200;;0;;0
;;;;;"1026|10";;;;;;;;;;;;;"CLASS 3";54;640;170;68;29;0;0;;100;0;;70;;200;;0;;0
;;;;;"3020|10";;;;;;;;;;;;;"CLASS 4";83;3700;260;140;32;0;0;;100;0;;80;;200;;0;;0
;;;;;;;;;;;;;;;;;;"CLASS ＥＸ";93;6700;286;154;35;0;0;;100;0;;80;;200;;0;;0
2033;"ユウギ";"ユウギ";"ユウギ";"鬼";"0|950";;;;;;;;"爆";;;;;"CLASS 0";7;9;35;14;6;0;0;"投げ飛ばし";25;50;"投げ射程";5;"投げ威力";5;;0;;0
;;;;;"-1|10";;;;;;;;;;;;;"CLASS 1";18;41;75;30;12;0;0;;25;50;;7;;10;;0;;0
;;;;;"1047|30";;;;;;;;;;;;;"CLASS 2";33;150;130;54;16;0;0;;30;33;;10;;15;;0;;0
;;;;;"3023|10";;;;;;;;;;;;;"CLASS 3";50;500;180;65;20;0;0;;30;20;;12;;15;;0;;0
;;;;;;;;;;;;;;;;;;"CLASS 4";92;6300;280;200;25;0;0;;35;10;;15;;20;;0;;0
;;;;;;;;;;;;;;;;;;"CLASS ＥＸ";102;6300;308;220;27;0;0;;35;10;;15;;20;;0;;0
2034;"キスメ";"キスメ";"キスメ";"妖怪";"0|960";;;;;;;;;;;;;"CLASS 0";4;4;14;9;4;0;0;"ウサギ飛び攻撃";50;20;"ウサギ飛び攻撃増加";4;;0;;0;;0
;;;;;"-1|40";;;;;;;;;;;;;"CLASS 1";10;15;43;19;8;0;0;;50;10;;10;;0;;0;;0
;;;;;;;;;;;;;;;;;;"CLASS 2";25;79;82;32;12;0;0;;50;10;;20;;0;;0;;0
;;;;;;;;;;;;;;;;;;"CLASS 3";58;830;145;85;15;0;0;;50;10;;40;;0;;0;;0
;;;;;;;;;;;;;;;;;;"CLASS 4";85;4200;210;160;20;0;0;;50;0;;60;;0;;0;;0
;;;;;;;;;;;;;;;;;;"CLASS ＥＸ";95;7500;232;176;22;0;0;;50;0;;66;;0;;0;;0
2035;"オリン";"オリン";"オリン";"獣";"0|940";;;;;;;;;;"水";;"水";"CLASS 0";7;9;29;13;4;0;0;"桂馬飛び";0;10;"桂馬飛びダメージ";0;"死亡時罠生成ID";0;;0;;0
;;;;;"-1|20";;;;;;;;;;;;;"CLASS 1";14;26;43;22;7;0;0;;0;10;;0;;0;;0;;0
;;;;;"1044|20";;;;;;;;;;;;;"CLASS 2";35;170;86;39;10;0;0;;0;10;;0;;0;;0;;0
;;;;;;;;;;;;;;;;;;"CLASS 3";58;830;110;57;13;0;0;;0;10;;0;;0;;0;;0
;;;;;;;;;;;;;;;;;;"CLASS 4";86;4500;150;80;15;0;0;;0;10;;0;;0;;0;;0
;;;;;;;;;;;;;;;;;;"CLASS ＥＸ";96;7900;165;88;17;0;0;;0;10;;0;;0;;0;;0
2036;"ヤマメ";"ヤマメ";"ヤマメ";"妖怪";"0|960";;;;;;;;;;;;;"CLASS 0";5;6;18;9;4;0;0;"軟弱攻撃";30;20;"軟弱強度";2;"軟弱ターン";10;;0;;0
;;;;;"-1|20";;;;;;;;;;;;;"CLASS 1";11;18;49;18;8;0;0;;35;10;;3;;10;;0;;0
;;;;;;;;;;;;;;;;;;"CLASS 2";25;79;95;25;12;0;0;;35;10;;4;;10;;0;;0
;;;;;;;;;;;;;;;;;;"CLASS 3";58;830;165;50;15;0;0;;40;10;;5;;10;;0;;0
;;;;;;;;;;;;;;;;;;"CLASS 4";86;4500;230;100;20;0;0;;50;10;;10;;10;;0;;0
;;;;;;;;;;;;;;;;;;"CLASS ＥＸ";96;4500;253;110;22;0;0;;50;10;;10;;10;;0;;0
2037;"サトリ";"サトリ";"サトリ";"妖怪";"0|980";;;;;;;;;;;;;"CLASS 0";7;9;42;18;8;0;0;"仲間呼び";20;100;"コイシ召喚フラグ";0;"ウツホ召喚フラグ";1;"オリン召喚フラグ";0;"近接見切り力";30
;;;;;"-1|10";;;;;;;;;;;;;"CLASS 1";14;26;65;26;16;0;0;;20;100;;0;;1;;1;;35
;;;;;;;;;;;;;;;;;;"CLASS 2";32;130;120;45;27;0;0;;30;100;;1;;1;;1;;40
;;;;;;;;;;;;;;;;;;"CLASS 3";58;830;185;85;35;0;0;;30;100;;1;;1;;1;;45
;;;;;;;;;;;;;;;;;;"CLASS 4";86;4500;250;160;40;0;0;;40;100;;1;;1;;1;;50
;;;;;;;;;;;;;;;;;;"CLASS ＥＸ";96;7900;275;176;44;0;0;;40;100;;1;;1;;1;;50
2038;"コイシ";"コイシ";"コイシ";"妖怪";"0|980";;;;;;;;;;;;;"CLASS 0";7;9;37;10;8;0;0;"敵を怒らせる";40;50;"イカリターン";20;"フラツキ確率％";50;;0;;0
;;;;;"-1|10";;;;;;;;;;;;;"CLASS 1";15;29;59;13;16;0;0;;50;35;;30;;50;;0;;0
;;;;;"3028|10";;;;;;;;;;;;;"CLASS 2";36;180;105;26;25;0;0;;50;30;;40;;50;;0;;0
;;;;;;;;;;;;;;;;;;"CLASS 3";59;890;170;45;32;0;0;;60;20;;50;;50;;0;;0
;;;;;;;;;;;;;;;;;;"CLASS 4";86;4500;230;70;40;0;0;;70;10;;50;;50;;0;;0
;;;;;;;;;;;;;;;;;;"CLASS ＥＸ";96;7900;253;77;44;0;0;;70;10;;50;;50;;0;;0
2039;"ウツホ";"ウツホ";"ウツホ";;"0|950";;"火";;;;;;"爆";;;;;"CLASS 0";7;9;42;10;4;0;0;"爆発攻撃";70;5;"爆発威力(固定ダメ)";10;"死亡時プチフレア生成率";10;;0;;0
;;;;;"-1|10";;;;;;;;;;;;;"CLASS 1";20;50;80;15;7;0;0;;70;5;;20;;25;;0;;0
;;;;;"1049|20";;;;;;;;;;;;;"CLASS 2";32;130;110;19;10;0;0;;70;5;;30;;30;;0;;0
;;;;;"3030|20";;;;;;;;;;;;;"CLASS 3";58;830;190;35;13;0;0;;70;5;;40;;50;;0;;0
;;;;;;;;;;;;;;;;;;"CLASS 4";86;4500;280;60;15;0;0;;70;5;;80;;100;;0;;0
;;;;;;;;;;;;;;;;;;"CLASS ＥＸ";96;7900;308;66;17;0;0;;70;5;;85;;100;;0;;0
2040;"ケイネ";"ケイネ";"ケイネ";"人間";"0|960";;;;;;;;;;;;;"CLASS 0";6;7;32;12;10;0;0;"くねくねドロドロ";25;50;"Lvダウン値";1;"装備品劣化";1;"LVダウン能力選択率％";50;;0
;;;;;"-1|30";;;;;;;;;;;;;"CLASS 1";17;37;73;20;15;0;0;;25;40;;1;;1;;50;;0
;;;;;"3024|10";;;;;;;;;;;;;"CLASS 2";39;230;125;49;25;0;0;;25;33;;1;;2;;50;;0
;;;;;;;;;;;;;;;;;;"CLASS 3";53;600;195;65;30;0;0;;25;20;;1;;2;;50;;0
;;;;;;;;;;;;;;;;;;"CLASS 4";80;3100;270;120;32;0;0;;25;10;;2;;3;;50;;0
;;;;;;;;;;;;;;;;;;"CLASS ＥＸ";90;5600;297;132;35;0;0;;25;10;;2;;3;;50;;0
2041;"アリス";"アリス";"アリス";"魔法使い";"0|970";;;;;;;;;;;;;"CLASS 0";5;6;28;10;6;0;0;"人形召喚";30;100;"人形個数";1;;0;;0;;0
;;;;;"-1|20";;;;;;;;;;;;;"CLASS 1";11;18;64;18;12;0;0;;35;100;;2;;0;;0;;0
;;;;;"3014|10";;;;;;;;;;;;;"CLASS 2";23;66;95;35;18;0;0;;40;100;;2;;0;;0;;0
;;;;;;;;;;;;;;;;;;"CLASS 3";42;290;165;50;25;0;0;;50;100;;3;;0;;0;;0
;;;;;;;;;;;;;;;;;;"CLASS 4";75;2300;240;120;30;0;0;;50;100;;4;;0;;0;;0
;;;;;;;;;;;;;;;;;;"CLASS ＥＸ";85;4200;264;132;33;0;0;;50;100;;4;;0;;0;;0
2042;"オンリョウ";"オンリョウ";"オンリョウ";"幽霊";"0|970";;;;;;;;;;;;;"CLASS 0";1;10;4;1;400;0;0;"味方レベルアップ";100;0;"Lvアップ";1;;0;;0;;0
;;;;;"-1|30";;;;;;;;;;;;;"CLASS 1";1;10;4;1;400;0;0;;100;0;;1;;0;;0;;0
;;;;;;;;;;;;;;;;;;"CLASS 2";1;10;4;1;400;0;0;;100;0;;1;;0;;0;;0
;;;;;;;;;;;;;;;;;;"CLASS 3";1;10;4;1;400;0;0;;100;0;;1;;0;;0;;0
;;;;;;;;;;;;;;;;;;"CLASS 4";1;10;4;1;400;0;0;;100;0;;2;;0;;0;;0
;;;;;;;;;;;;;;;;;;"CLASS ＥＸ";1;10;4;1;400;0;0;;100;0;;2;;0;;0;;0
2043;"チェン";"チェン";"チェン";"獣";"0|960";;;;;;;;;;"水";;"水";"CLASS 0";4;4;15;10;4;1;0;"突撃";20;20;"突撃ダメージ";5;"突撃距離";2;;0;;0
;;;;;"-1|20";;;;;;;;;;;;;"CLASS 1";9;13;35;13;7;1;1;;20;20;;10;;4;;0;;0
;;;;;"3026|20";;;;;;;;;;;;;"CLASS 2";24;72;78;24;10;1;1;;20;20;;20;;6;;0;;0
;;;;;;;;;;;;;;;;;;"CLASS 3";41;270;125;35;14;1;1;;20;20;;30;;8;;0;;0
;;;;;;;;;;;;;;;;;;"CLASS 4";75;2300;190;65;18;2;2;;20;20;;50;;10;;0;;0
;;;;;;;;;;;;;;;;;;"CLASS ＥＸ";85;4200;209;71;20;2;2;;20;20;;50;;10;;0;;0
2044;"ラン";"ラン";"ラン";"獣";"0|970";;;;;;;;;;"水";;"水";"CLASS 0";6;7;35;15;4;0;0;"橙召喚";30;100;;0;;0;;0;;0
;;;;;"-1|20";;;;;;;;;;;;;"CLASS 1";10;15;80;23;7;0;0;;40;100;;0;;0;;0;;0
;;;;;;;;;;;;;;;;;;"CLASS 2";25;79;100;35;10;0;0;;40;100;;0;;0;;0;;0
;;;;;;;;;;;;;;;;;;"CLASS 3";42;290;170;57;14;0;0;;50;100;;0;;0;;0;;0
;;;;;;;;;;;;;;;;;;"CLASS 4";75;2300;250;140;18;0;0;;50;100;;0;;0;;0;;0
;;;;;;;;;;;;;;;;;;"CLASS ＥＸ";85;4200;275;154;20;0;0;;50;100;;0;;0;;0;;0
2045;"ユカリ";"ユカリ";"ユカリ";"妖怪";"0|940";;;;;;;;;;;;;"CLASS 0";8;11;35;20;8;0;0;"藍召喚";20;100;"ふらつき確率％";50;;0;;0;;0
;;;;;"-1|10";;;;;;;;;;;;;"CLASS 1";14;26;75;32;16;0;0;;20;100;;50;;0;;0;;0
;;;;;"1036|20";;;;;;;;;;;;;"CLASS 2";34;160;125;70;25;0;0;;30;100;;50;;0;;0;;0
;;;;;"1051|25";;;;;;;;;;;;;"CLASS 3";66;1300;210;230;32;0;0;;30;100;;50;;0;;0;;0
;;;;;"3025|5";;;;;;;;;;;;;"CLASS 4";95;7500;300;400;40;0;0;;30;100;;50;;0;;0;;0
;;;;;;;;;;;;;;;;;;"CLASS ＥＸ";105;13000;330;440;44;0;0;;30;100;;50;;0;;0;;0
2046;"エイリン";"エイリン";"エイリン";;"0|960";;;;;;;;;;;;;"CLASS 0";8;11;45;14;4;0;0;"味方を回復";40;50;"回復量(値)";20;"自然回復(ターン毎)";3;"投擲確率％";10;"投擲アイテムID";5002
;;;;;"-1|20";;;;;;;;;;;;;"CLASS 1";15;29;70;21;12;0;0;;40;40;;40;;5;;10;;5002
;;;;;"3010|20";;;;;;;;;;;;;"CLASS 2";32;130;130;29;15;0;0;;50;30;;60;;8;;10;;5002
;;;;;;;;;;;;;;;;;;"CLASS 3";46;380;180;43;19;0;0;;50;20;;100;;12;;10;;5002
;;;;;;;;;;;;;;;;;;"CLASS 4";78;2800;220;80;25;0;0;;75;10;;200;;20;;10;;5002
;;;;;;;;;;;;;;;;;;"CLASS ＥＸ";88;5000;242;88;27;0;0;;75;10;;200;;22;;10;;5002
2047;"カグヤ";"カグヤ";"カグヤ";;"0|960";;;;;;;;;;;;;"CLASS 0";8;11;45;17;4;0;0;"えーりん召喚";40;100;;0;;0;;0;;0
;;;;;"-1|30";;;;;;;;;;;;;"CLASS 1";15;29;65;24;12;0;0;;40;50;;0;;0;;0;;0
;;;;;"3022|10";;;;;;;;;;;;;"CLASS 2";32;130;115;50;18;0;0;;40;30;;0;;0;;0;;0
;;;;;;;;;;;;;;;;;;"CLASS 3";46;380;140;62;23;0;0;;45;30;;0;;0;;0;;0
;;;;;;;;;;;;;;;;;;"CLASS 4";78;2800;240;140;28;0;0;;50;25;;0;;0;;0;;0
;;;;;;;;;;;;;;;;;;"CLASS ＥＸ";88;5000;264;154;31;0;0;;50;25;;0;;0;;0;;0
2048;"テイ";"テイ";"テイ";"獣";"0|920";;;;;;;;;;;;;"CLASS 0";4;4;18;10;4;0;0;"足元に罠作成";5;50;;0;"生成罠ID１";9009;"生成罠ID２";9013;"生成罠１生成率％";75
;;;;;"-1|10";;;;;;;;;;;;;"CLASS 1";15;29;55;17;7;0;0;;5;40;;0;;9013;;9002;;75
;;;;;"1014|50";;;;;;;;;;;;;"CLASS 2";30;110;90;29;10;0;0;;5;20;;0;;9002;;9016;;75
;;;;;"3002|20";;;;;;;;;;;;;"CLASS 3";46;380;120;38;14;1;0;;5;10;;0;;9016;;9020;;75
;;;;;;;;;;;;;;;;;;"CLASS 4";78;2800;170;80;18;1;0;;5;5;;0;;9020;;9021;;75
;;;;;;;;;;;;;;;;;;"CLASS ＥＸ";88;5000;187;88;20;1;0;;5;5;;0;;9020;;9021;;75
2049;"モコウ";"モコウ";"モコウ";"人間";"0|960";;"火";;;;;;;;;;;"CLASS 0";8;11;45;17;0;0;0;"復活";8;100;"自然回復(ターン毎)";3;;0;;0;;0
;;;;;"-1|30";;;;;;;;;;;;;"CLASS 1";15;29;70;27;1;0;0;;10;50;;5;;0;;0;;0
;;;;;"3054|10";;;;;;;;;;;;;"CLASS 2";32;130;135;43;1;0;0;;12;50;;7;;0;;0;;0
;;;;;;;;;;;;;;;;;;"CLASS 3";46;380;185;50;1;0;0;;15;50;;10;;0;;0;;0
;;;;;;;;;;;;;;;;;;"CLASS 4";78;2800;290;190;1;0;0;;20;20;;15;;0;;0;;0
;;;;;;;;;;;;;;;;;;"CLASS ＥＸ";88;5000;329;209;1;0;0;;20;20;;15;;0;;0;;0
2050;"リグル";"リグル";"リグル";"妖怪";"0|960";;;;;;;;"冷";;"冷";;"冷";"CLASS 0";3;3;13;9;4;0;0;"仲間呼び";15;50;"隣接時仲間起こし確率";30;;0;;0;;0
;;;;;"-1|20";;;;;;;;"火";;;;;"CLASS 1";9;13;42;17;7;0;0;;20;50;;35;;0;;0;;0
;;;;;"3001|20";;;;;;;;;;;;;"CLASS 2";23;66;76;30;8;0;0;;25;33;;50;;0;;0;;0
;;;;;;;;;;;;;;;;;;"CLASS 3";36;180;110;40;10;0;0;;30;20;;75;;0;;0;;0
;;;;;;;;;;;;;;;;;;"CLASS 4";70;1700;170;90;12;0;0;;30;10;;100;;0;;0;;0
;;;;;;;;;;;;;;;;;;"CLASS ＥＸ";80;3100;187;99;13;0;0;;30;10;;100;;0;;0;;0
2051;"ミスティア";"ミスティア";"ミスティア";"妖怪";"0|960";;;;;;;;"火";;;;;"CLASS 0";3;3;14;9;4;0;0;"鳥目攻撃";40;100;"鳥目ターン";5;;0;;0;;0
;;;;;"-1|20";;;;;;;;;;;;;"CLASS 1";9;13;43;20;7;0;0;;45;50;;7;;0;;0;;0
;;;;;;;;;;;;;;;;;;"CLASS 2";23;66;80;34;8;0;0;;50;40;;10;;0;;0;;0
;;;;;;;;;;;;;;;;;;"CLASS 3";36;180;120;42;10;0;0;;60;20;;10;;0;;0;;0
;;;;;;;;;;;;;;;;;;"CLASS 4";70;1700;180;100;12;0;0;;75;10;;20;;0;;0;;0
;;;;;;;;;;;;;;;;;;"CLASS ＥＸ";80;3100;198;110;13;0;0;;75;10;;20;;0;;0;;0
2052;"メルラン";"メルラン";"メルラン";"幽霊";"0|970";;;;;;;;;;;;;"CLASS 0";5;6;22;9;4;0;0;"狂乱攻撃";25;50;"狂乱ターン";5;"鬱直し";50;;0;;0
;;;;;"-1|30";;;;;;;;;;;;;"CLASS 1";14;26;41;16;7;0;0;;25;50;;5;;50;;0;;0
;;;;;;;;;;;;;;;;;;"CLASS 2";25;79;67;26;8;0;0;;25;50;;5;;50;;0;;0
;;;;;;;;;;;;;;;;;;"CLASS 3";42;290;112;43;10;0;0;;25;50;;5;;50;;0;;0
;;;;;;;;;;;;;;;;;;"CLASS 4";75;2300;164;70;12;0;0;;25;50;;5;;50;;0;;0
;;;;;;;;;;;;;;;;;;"CLASS ＥＸ";85;2300;180;77;13;0;0;;25;50;;5;;50;;0;;0
2053;"リリカ";"リリカ";"リリカ";"幽霊";"0|970";;;;;;;;;;;;;"CLASS 0";5;6;22;9;4;0;0;"鬱直し";25;50;;0;"狂乱直し";50;;0;;0
;;;;;"-1|30";;;;;;;;;;;;;"CLASS 1";14;26;41;16;7;0;0;;25;50;;0;;50;;0;;0
;;;;;;;;;;;;;;;;;;"CLASS 2";25;79;67;26;8;0;0;;25;50;;0;;50;;0;;0
;;;;;;;;;;;;;;;;;;"CLASS 3";42;290;112;43;10;0;0;;25;50;;0;;50;;0;;0
;;;;;;;;;;;;;;;;;;"CLASS 4";75;2300;164;70;12;0;0;;25;50;;0;;50;;0;;0
;;;;;;;;;;;;;;;;;;"CLASS ＥＸ";85;4200;180;77;13;0;0;;25;50;;0;;50;;0;;0
2054;"ルナサ";"ルナサ";"ルナサ";"幽霊";"0|970";;;;;;;;;;;;;"CLASS 0";5;6;22;9;4;0;0;"鬱攻撃";25;50;"鬱ターン";5;"狂乱直し";50;;0;;0
;;;;;"-1|30";;;;;;;;;;;;;"CLASS 1";14;26;41;16;7;0;0;;25;50;;5;;50;;0;;0
;;;;;;;;;;;;;;;;;;"CLASS 2";25;79;67;26;8;0;0;;25;50;;5;;50;;0;;0
;;;;;;;;;;;;;;;;;;"CLASS 3";42;290;112;43;10;0;0;;25;50;;5;;50;;0;;0
;;;;;;;;;;;;;;;;;;"CLASS 4";75;2300;164;70;12;0;0;;25;50;;5;;50;;0;;0
;;;;;;;;;;;;;;;;;;"CLASS ＥＸ";85;4200;180;77;13;0;0;;25;50;;5;;50;;0;;0
2055;"メディスン";"メディスン";"メディスン";;"0|970";"毒";;"毒";;;;;;;;;;"CLASS 0";6;7;27;11;4;0;0;"脱力攻撃";25;50;"脱力強度";1;"脱力ターン";10;"欝ターン";2;;0
;;;;;"-1|20";;;;;;;;;;;;;"CLASS 1";12;20;52;17;7;0;0;;25;40;;2;;10;;3;;0
;;;;;"3053|10";;;;;;;;;;;;;"CLASS 2";35;170;94;36;8;0;0;;30;35;;3;;10;;4;;0
;;;;;;;;;;;;;;;;;;"CLASS 3";51;530;132;48;10;0;0;;30;20;;4;;15;;5;;0
;;;;;;;;;;;;;;;;;;"CLASS 4";80;3100;182;82;12;0;0;;40;10;;5;;20;;5;;0
;;;;;;;;;;;;;;;;;;"CLASS ＥＸ";90;5600;200;90;13;0;0;;40;10;;5;;20;;5;;0
2056;"ユウカ";"ユウカ";"ユウカ";"妖怪";"0|960";;;;;;;;;;;;;"CLASS 0";9;13;52;20;4;0;0;"必殺の一撃";25;0;"必殺の一撃ダメージUP％";50;"味方殺し時元気UP";1;"元気UPターン";3000;;0
;;;;;"-1|30";;;;;;;;;;;;;"CLASS 1";21;55;85;32;12;0;0;;25;0;;50;;1;;3000;;0
;;;;;"1035|0";;;;;;;;;;;;;"CLASS 2";36;180;120;68;18;0;0;;25;0;;50;;2;;3000;;0
;;;;;"3044|10";;;;;;;;;;;;;"CLASS 3";70;1700;198;150;23;0;0;;25;0;;50;;3;;3000;;0
;;;;;;;;;;;;;;;;;;"CLASS 4";80;3100;260;180;30;0;0;;25;0;;50;;4;;3000;;0
;;;;;;;;;;;;;;;;;;"CLASS ＥＸ";90;5600;286;198;33;0;0;;25;0;;50;;4;;3000;;0
2057;"コマチ";"コマチ";"コマチ";"神";"0|940";;;;;;;;;;;;;"CLASS 0";9;13;49;13;4;0;0;"引き寄せ割合攻撃";30;50;"引き寄せ距離";10;"現在HPから割合ダメ％";15;;0;;0
;;;;;"-1|10";;;;;;;;;;;;;"CLASS 1";21;55;68;22;12;0;0;;30;40;;10;;20;;0;;0
;;;;;"1002|20";;;;;;;;;;;;;"CLASS 2";30;110;105;36;18;0;0;;40;25;;15;;25;;0;;0
;;;;;"1008|20";;;;;;;;;;;;;"CLASS 3";50;500;165;50;23;0;0;;40;20;;20;;30;;0;;0
;;;;;;;;;;;;;;;;;;"CLASS 4";81;3300;240;91;30;0;0;;50;10;;40;;50;;0;;0
;;;;;;;;;;;;;;;;;;"CLASS ＥＸ";91;6000;264;100;33;0;0;;50;10;;40;;50;;0;;0
2058;"ナズーリン";"ナズーリン";"ナズーリン";"獣";"0|100";;;;;;;;;;;;;"CLASS 0";5;6;17;10;4;0;0;"死亡時ドロップ";0;0;"お金ID";8012;;0;;0;;0
;;;;;;;;;;;;;;;;;;"CLASS 1";11;18;48;18;7;0;0;;0;0;;8013;;0;;0;;0
;;;;;;;;;;;;;;;;;;"CLASS 2";25;79;100;32;8;0;0;;0;0;;8014;;0;;0;;0
;;;;;;;;;;;;;;;;;;"CLASS 3";58;830;140;53;10;0;0;;0;0;;8015;;0;;0;;0
;;;;;;;;;;;;;;;;;;"CLASS 4";86;4500;230;80;12;0;0;;0;0;;8016;;0;;0;;0
;;;;;;;;;;;;;;;;;;"CLASS ＥＸ";96;7900;253;88;13;0;0;;0;0;;8017;;0;;0;;0
2059;"コガサ";"コガサ";"コガサ";"妖怪";"0|950";;"水";;;;;;"雷";;;;;"CLASS 0";6;7;32;14;4;0;0;"ンドゥバ";35;40;"濡れダメージ";5;"水属性耐性";50;;0;;0
;;;;;"-1|20";;;;;;;;;;;;;"CLASS 1";16;33;72;24;12;0;0;;35;40;;10;;50;;0;;0
;;;;;"1004|20";;;;;;;;;;;;;"CLASS 2";25;79;110;38;18;0;0;;35;30;;15;;50;;0;;0
;;;;;"3036|10";;;;;;;;;;;;;"CLASS 3";62;1000;195;70;23;0;0;;35;20;;20;;50;;0;;0
;;;;;;;;;;;;;;;;;;"CLASS 4";89;5300;244;160;30;0;0;;35;10;;25;;50;;0;;0
;;;;;;;;;;;;;;;;;;"CLASS ＥＸ";99;9400;270;176;33;0;0;;35;10;;30;;50;;0;;0
2060;"イチリン";"イチリン";"イチリン";"妖怪";"0|960";;;;;;;;;;;;;"CLASS 0";6;7;35;17;4;0;0;"3マス先攻撃";80;0;"攻撃距離";3;"分離確率";20;"合体回復量";20;"汎用定数メモ4";0
;;;;;"-1|30";;;;;;;;;;;;;"CLASS 1";16;33;82;27;12;0;0;;80;0;;3;;20;;30;;0
;;;;;;;;;;;;;;;;;;"CLASS 2";25;79;120;33;18;0;0;;80;0;;3;;20;;40;;0
;;;;;;;;;;;;;;;;;;"CLASS 3";62;1000;231;75;23;0;0;;80;0;;3;;20;;50;;0
;;;;;;;;;;;;;;;;;;"CLASS 4";89;5300;273;180;30;0;0;;80;0;;3;;20;;60;;0
;;;;;;;;;;;;;;;;;;"CLASS ＥＸ";99;9400;300;198;33;0;0;;80;0;;3;;20;;60;;0
2061;"イチリンノミ";"イチリンノミ";"イチリンノミ";"妖怪";"0|970";;;;;;;;;;;;;"CLASS 0";6;7;20;10;5;0;0;"ナシ";0;0;;0;;0;;0;;0
;;;;;"-1|30";;;;;;;;;;;;;"CLASS 1";16;33;50;23;6;0;0;;0;0;;0;;0;;0;;0
;;;;;;;;;;;;;;;;;;"CLASS 2";25;79;80;32;7;0;0;;0;0;;0;;0;;0;;0
;;;;;;;;;;;;;;;;;;"CLASS 3";62;1000;130;70;8;0;0;;0;0;;0;;0;;0;;0
;;;;;;;;;;;;;;;;;;"CLASS 4";89;5300;150;150;9;0;0;;0;0;;0;;0;;0;;0
;;;;;;;;;;;;;;;;;;"CLASS ＥＸ";99;9400;165;165;9;0;0;;0;0;;0;;0;;0;;0
2062;"ウンザン";"ウンザン";"ウンザン";;"0|970";;;;;;;;;;;;;"CLASS 0";6;7;10;6;5;0;0;"合体";20;100;;0;;0;;0;;0
;;;;;"-1|30";;;;;;;;;;;;;"CLASS 1";16;33;25;15;6;0;0;;30;100;;0;;0;;0;;0
;;;;;;;;;;;;;;;;;;"CLASS 2";25;79;40;24;7;0;0;;40;100;;0;;0;;0;;0
;;;;;;;;;;;;;;;;;;"CLASS 3";62;1000;62;55;8;0;0;;50;100;;0;;0;;0;;0
;;;;;;;;;;;;;;;;;;"CLASS 4";89;5300;91;120;9;0;0;;50;100;;0;;0;;0;;0
;;;;;;;;;;;;;;;;;;"CLASS ＥＸ";99;9400;100;132;9;0;0;;50;100;;0;;0;;0;;0
2063;"ムラサ";"ムラサ";"ムラサ";"妖怪";"0|950";;"水";;;;;;"雷";;;;;"CLASS 0";6;7;32;17;8;0;0;;0;10;;0;"水属性耐性";50;;0;;0
;;;;;"-1|10";;;;;;;;;;;;;"CLASS 1";16;33;73;34;16;0;0;;0;10;;0;;50;;0;;0
;;;;;"1046|15";;;;;;;;;;;;;"CLASS 2";25;79;105;48;24;0;0;;0;10;;0;;50;;0;;0
;;;;;"1059|15";;;;;;;;;;;;;"CLASS 3";62;1000;178;85;32;0;0;;0;10;;0;;50;;0;;0
;;;;;"3043|10";;;;;;;;;;;;;"CLASS 4";89;5300;240;150;40;0;0;;0;10;;0;;50;;0;;0
;;;;;;;;;;;;;;;;;;"CLASS ＥＸ";99;9400;264;165;44;0;0;;0;10;;0;;50;;0;;0
2064;"トラマル";"トラマル";"トラマル";"妖怪";"0|960";;;;;;;;;;;;;"CLASS 0";10;15;48;18;7;0;0;"仲間呼び";20;100;"一輪召喚フラグ";0;"ナズ召喚フラグ";1;"ムラサ召喚フラグ";0;;0
;;;;;"-1|10";;;;;;;;;;;;;"CLASS 1";21;55;88;30;12;0;0;;20;100;;0;;0;;1;;0
;;;;;"1045|20";;;;;;;;;;;;;"CLASS 2";30;110;130;40;16;0;0;;30;100;;1;;0;;0;;0
;;;;;"3038|10";;;;;;;;;;;;;"CLASS 3";62;1000;245;80;25;0;0;;30;100;;0;;1;;1;;0
;;;;;;;;;;;;;;;;;;"CLASS 4";89;5300;310;190;32;0;0;;40;100;;1;;1;;1;;0
;;;;;;;;;;;;;;;;;;"CLASS ＥＸ";99;9400;341;209;35;0;0;;40;100;;1;;1;;1;;0
2065;"ヒジリ";"ヒジリ";"ヒジリ";"人間";"0|950";;;;;;;;;;;;;"CLASS 0";10;15;50;19;12;0;0;"元気頑丈";60;100;"元気頑丈強度";5;"元気頑丈ターン";3;;0;;0
;;;;;"-1|30";;;;;;;;;;;;;"CLASS 1";22;60;83;39;20;0;0;;60;100;;5;;5;;0;;0
;;;;;"1048|10";;;;;;;;;;;;;"CLASS 2";30;110;122;45;24;0;0;;60;100;;8;;8;;0;;0
;;;;;"3055|10";;;;;;;;;;;;;"CLASS 3";62;1000;230;90;37;0;0;;60;100;;8;;10;;0;;0
;;;;;;;;;;;;;;;;;;"CLASS 4";89;5300;273;180;50;0;0;;60;100;;10;;10;;0;;0
;;;;;;;;;;;;;;;;;;"CLASS ＥＸ";99;9400;300;198;55;0;0;;60;100;;10;;10;;0;;0
2066;"ヌエ";"ヌエ";"ヌエ";"妖怪";"0|960";;;;;;;;;;;;;"CLASS 0";5;6;28;17;4;0;0;"変身";100;100;;0;;0;;0;;0
;;;;;"-1|30";;;;;;;;;;;;;"CLASS 1";14;26;65;30;6;0;0;;100;100;;0;;0;;0;;0
;;;;;"3040|10";;;;;;;;;;;;;"CLASS 2";31;120;95;43;7;0;0;;100;100;;0;;0;;0;;0
;;;;;;;;;;;;;;;;;;"CLASS 3";62;1000;150;100;8;0;0;;100;100;;0;;0;;0;;0
;;;;;;;;;;;;;;;;;;"CLASS 4";89;5300;246;230;9;0;0;;100;100;;0;;0;;0;;0
;;;;;;;;;;;;;;;;;;"CLASS ＥＸ";99;9400;270;253;10;0;0;;100;100;;0;;0;;0;;0
2067;"カナコ";"カナコ";"カナコ";"神";"0|950";;;;;;;;;;"冷";;"冷";"CLASS 0";8;11;35;16;5;0;0;"特殊メモ";30;20;"弾ダメージ";10;"射程";2;"吹き飛ばし距離";2;"汎用定数メモ4";0
;;;;;"-1|42";;;;;;;;;;;;;"CLASS 1";28;100;80;32;6;0;0;;30;10;;20;;2;;2;;0
;;;;;"3009|8";;;;;;;;;;;;;"CLASS 2";45;350;120;65;7;0;0;;30;10;;30;;2;;2;;0
;;;;;;;;;;;;;;;;;;"CLASS 3";68;1500;165;90;8;0;0;;30;10;;40;;2;;2;;0
;;;;;;;;;;;;;;;;;;"CLASS 4";85;4200;210;170;9;0;0;;30;10;;50;;2;;2;;0
;;;;;;;;;;;;;;;;;;"CLASS ＥＸ";95;7500;220;187;9;0;0;;30;10;;50;;2;;2;;0
2068;"レティ";"レティ";"レティ";;"0|960";;"冷";;;;;;"火";;"火";;"火";"CLASS 0";4;4;18;8;3;0;0;"部屋全体氷付け";2;50;"氷付けターン";5;"氷付けダメージ";5;"冷属性耐性";50;;0
;;;;;"-1|30";;;;;;;;;;;;;"CLASS 1";9;13;38;13;8;0;0;;4;25;;5;;10;;50;;0
;;;;;"3046|10";;;;;;;;;;;;;"CLASS 2";26;86;110;32;15;0;0;;5;20;;8;;15;;50;;0
;;;;;;;;;;;;;;;;;;"CLASS 3";42;290;165;50;22;0;0;;8;12;;8;;20;;50;;0
;;;;;;;;;;;;;;;;;;"CLASS 4";75;2300;230;90;25;0;0;;8;10;;10;;30;;50;;0
;;;;;;;;;;;;;;;;;;"CLASS ＥＸ";85;4200;253;99;28;0;0;;8;10;;10;;33;;50;;0
2069;"リリー";"リリー";"リリー";"妖精";"0|960";;;;;;;;;;"冷";;"冷";"CLASS 0";3;3;14;7;4;0;0;"フロアワープ";0;0;;0;;0;;0;;0
;;;;;"-1|30";;;;;;;;;;;;;"CLASS 1";8;11;35;14;7;0;0;;5;0;;0;;0;;0;;0
;;;;;"3048|10";;;;;;;;;;;;;"CLASS 2";24;72;100;34;8;0;0;;5;0;;0;;0;;0;;0
;;;;;;;;;;;;;;;;;;"CLASS 3";40;250;160;50;10;0;0;;5;0;;0;;0;;0;;0
;;;;;;;;;;;;;;;;;;"CLASS 4";71;1800;240;80;12;0;0;;5;0;;0;;0;;0;;0
;;;;;;;;;;;;;;;;;;"CLASS ＥＸ";81;3300;264;88;13;0;0;;5;0;;0;;0;;0;;0
2070;"ハタテ";"ハタテ";"ハタテ";"天狗";"0|960";;;;;;;;;"水";;;"水";"CLASS 0";5;6;25;12;4;0;0;"写真";40;20;"射程";2;;0;;0;;0
;;;;;"-1|30";;;;;;;;;;;;;"CLASS 1";10;15;42;20;12;0;0;;40;15;;3;;0;;0;;0
;;;;;;;;;;;;;;;;;;"CLASS 2";27;93;95;30;18;0;0;;40;10;;5;;0;;0;;0
;;;;;;;;;;;;;;;;;;"CLASS 3";50;500;145;80;25;0;0;;40;7;;7;;0;;0;;0
;;;;;;;;;;;;;;;;;;"CLASS 4";81;3300;210;160;25;0;0;;40;5;;10;;0;;0;;0
;;;;;;;;;;;;;;;;;;"CLASS ＥＸ";91;6000;220;176;28;0;0;;40;5;;10;;0;;0;;0
2071;"ゾンビフェアリー";"ゾンビフェアリー";"ゾンビフェアリー";"妖精";"0|3800";;;;;;;;"火";;;;;"CLASS 0";3;3;11;7;3;0;0;;0;0;"自然回復(ターン毎)";1;;0;;0;;0
;;;;;"-1|200";;;;;;;;;;;;;"CLASS 1";9;13;34;15;6;0;0;;0;0;;2;;0;;0;;0
;;;;;;;;;;;;;;;;;;"CLASS 2";18;41;70;27;9;0;0;;0;0;;4;;0;;0;;0
;;;;;;;;;;;;;;;;;;"CLASS 3";36;180;125;42;12;0;0;;0;0;;10;;0;;0;;0
;;;;;;;;;;;;;;;;;;"CLASS 4";70;1700;182;100;15;0;0;;0;0;;20;;0;;0;;0
;;;;;;;;;;;;;;;;;;"CLASS ＥＸ";80;3100;200;110;17;0;0;;0;0;;21;;0;;0;;0
2072;"サニーミルク";"サニーミルク";"サニーミルク";"妖精";"0|970";;;;;;;;;;;;;"CLASS 0";4;4;14;9;3;0;0;"ナシ";0;20;"汎用定数メモ1";0;"汎用定数メモ2";0;"汎用定数メモ3";0;"汎用定数メモ4";0
;;;;;"-1|30";;;;;;;;;;;;;"CLASS 1";14;26;40;16;8;0;0;;0;10;;0;;0;;0;;0
;;;;;;;;;;;;;;;;;;"CLASS 2";23;66;70;28;15;0;0;;0;10;;0;;0;;0;;0
;;;;;;;;;;;;;;;;;;"CLASS 3";36;180;105;36;22;0;0;;0;10;;0;;0;;0;;0
;;;;;;;;;;;;;;;;;;"CLASS 4";70;1700;191;68;25;0;0;;0;10;;0;;0;;0;;0
;;;;;;;;;;;;;;;;;;"CLASS ＥＸ";80;3100;210;74;28;0;0;;0;10;;0;;0;;0;;0
2073;"ルナチャイルド";"ルナチャイルド";"ルナチャイルド";"妖精";"0|970";;;;;;;;;;;;;"CLASS 0";4;4;14;9;3;0;0;"ナシ";0;20;"汎用定数メモ1";0;"汎用定数メモ2";0;"汎用定数メモ3";0;"汎用定数メモ4";0
;;;;;"-1|30";;;;;;;;;;;;;"CLASS 1";14;26;40;16;8;0;0;;0;10;;0;;0;;0;;0
;;;;;;;;;;;;;;;;;;"CLASS 2";23;66;70;28;15;0;0;;0;10;;0;;0;;0;;0
;;;;;;;;;;;;;;;;;;"CLASS 3";36;180;105;36;22;0;0;;0;10;;0;;0;;0;;0
;;;;;;;;;;;;;;;;;;"CLASS 4";70;1700;191;68;25;0;0;;0;10;;0;;0;;0;;0
;;;;;;;;;;;;;;;;;;"CLASS ＥＸ";80;3100;210;74;28;0;0;;0;10;;0;;0;;0;;0
2074;"スターサファイア";"スターサファイア";"スターサファイア";"妖精";"0|970";;;;;;;;;;;;;"CLASS 0";4;4;14;9;3;0;0;"ナシ";0;20;"汎用定数メモ1";0;"汎用定数メモ2";0;"汎用定数メモ3";0;"汎用定数メモ4";0
;;;;;"-1|30";;;;;;;;;;;;;"CLASS 1";14;26;40;16;8;0;0;;0;10;;0;;0;;0;;0
;;;;;;;;;;;;;;;;;;"CLASS 2";23;66;70;28;15;0;0;;0;10;;0;;0;;0;;0
;;;;;;;;;;;;;;;;;;"CLASS 3";36;180;105;36;22;0;0;;0;10;;0;;0;;0;;0
;;;;;;;;;;;;;;;;;;"CLASS 4";70;1700;191;68;25;0;0;;0;10;;0;;0;;0;;0
;;;;;;;;;;;;;;;;;;"CLASS ＥＸ";80;3100;210;74;28;0;0;;0;10;;0;;0;;0;;0
2075;"キモケイネ";"キモケイネ";"キモケイネ";"妖怪";"0|960";;;;;;;;;;;;;"CLASS 0";7;9;38;20;5;0;0;"突進";30;50;"吹き飛び距離";2;"吹き飛びダメ";5;"ころびアイテム落とし";2;;0
;;;;;"-1|30";;;;;;;;;;;;;"CLASS 1";19;45;89;39;6;0;0;;30;30;;3;;10;;2;;0
;;;;;"3024|10";;;;;;;;;;;;;"CLASS 2";43;310;150;78;25;0;0;;30;20;;4;;20;;3;;0
;;;;;;;;;;;;;;;;;;"CLASS 3";64;1200;240;98;30;0;0;;30;10;;5;;30;;3;;0
;;;;;;;;;;;;;;;;;;"CLASS 4";75;2300;290;190;32;0;0;;30;10;;5;;50;;4;;0
;;;;;;;;;;;;;;;;;;"CLASS ＥＸ";85;4200;319;209;35;0;0;;30;10;;5;;55;;4;;0
2076;"カセン";"カセン";"カセン";"妖怪";"0|970";;;;;;;;;;;;;"CLASS 0";7;9;49;22;5;0;0;;100;100;;10;;0;;0;;0
;;;;;"-1|30";;;;;;;;;;;;;"CLASS 1";19;45;90;60;7;0;0;;100;50;;20;;0;;0;;0
;;;;;;;;;;;;;;;;;;"CLASS 2";50;500;200;130;30;0;0;;100;25;;30;;0;;0;;0
;;;;;;;;;;;;;;;;;;"CLASS 3";72;1900;320;250;35;0;0;;100;20;;40;;0;;0;;0
;;;;;;;;;;;;;;;;;;"CLASS 4";95;7500;430;500;40;0;0;;100;10;;50;;0;;0;;0
;;;;;;;;;;;;;;;;;;"CLASS ＥＸ";105;13000;450;520;42;0;0;;100;10;;60;;0;;0;;0
2077;"オオワシ";"オオワシ";"オオワシ";"獣";"0|970";;;;;;;;"火";;;;;"CLASS 0";7;4;30;12;5;1;0;;100;100;;10;;0;;0;;0
;;;;;"-1|30";;;;;;;;;;;;;"CLASS 1";19;20;55;25;6;1;0;;100;100;;20;;0;;0;;0
;;;;;;;;;;;;;;;;;;"CLASS 2";50;200;100;60;10;1;0;;100;100;;30;;0;;0;;0
;;;;;;;;;;;;;;;;;;"CLASS 3";72;900;180;120;15;1;0;;100;100;;40;;0;;0;;0
;;;;;;;;;;;;;;;;;;"CLASS 4";95;4000;220;160;20;1;0;;100;100;;50;;0;;0;;0
;;;;;;;;;;;;;;;;;;"CLASS ＥＸ";105;5000;250;180;22;1;0;;100;100;;60;;0;;0;;0
2078;"ライジュウ";"ライジュウ";"ライジュウ";"獣";"0|970";;"雷";;;;;;"火";;"水";;;"CLASS 0";7;4;38;12;5;0;0;;100;100;;10;;0;;0;;0
;;;;;"-1|30";;;;;;;;;;;;;"CLASS 1";19;20;89;25;6;0;0;;100;100;;20;;0;;0;;0
;;;;;;;;;;;;;;;;;;"CLASS 2";50;200;150;60;22;0;0;;100;100;;30;;0;;0;;0
;;;;;;;;;;;;;;;;;;"CLASS 3";72;900;240;120;28;0;0;;100;100;;40;;0;;0;;0
;;;;;;;;;;;;;;;;;;"CLASS 4";95;4000;290;160;30;0;0;;100;100;;50;;0;;0;;0
;;;;;;;;;;;;;;;;;;"CLASS ＥＸ";105;5000;319;180;32;0;0;;100;100;;60;;0;;0;;0
2079;"ザコウサギ";"ザコウサギ";"ザコウサギ";"妖怪";"0|970";;;;;;;;;;;;;"CLASS 0";5;6;2;5;6;0;0;;50;100;;10;;0;;0;;0
;;;;;"-1|30";;;;;;;;;;;;;"CLASS 1";11;18;6;10;12;0;0;;60;100;;20;;0;;0;;0
;;;;;;;;;;;;;;;;;;"CLASS 2";23;66;9;20;18;0;0;;70;100;;30;;0;;0;;0
;;;;;;;;;;;;;;;;;;"CLASS 3";42;290;16;30;25;0;0;;80;100;;40;;0;;0;;0
;;;;;;;;;;;;;;;;;;"CLASS 4";75;2300;24;60;30;0;0;;80;100;;50;;0;;0;;0
;;;;;;;;;;;;;;;;;;"CLASS ＥＸ";85;4200;26;70;33;0;0;;80;100;;60;;0;;0;;0
2080;"ジバクニンギョウ";"ジバクニンギョウ";"ジバクニンギョウ";"妖怪";"0|970";;;;;;;;;;;;;"CLASS 0";5;1;2;5;6;0;0;"自爆";50;100;"自爆ダメージ";10;;0;;0;;0
;;;;;"-1|30";;;;;;;;;;;;;"CLASS 1";11;5;6;10;12;0;0;;60;100;;20;;0;;0;;0
;;;;;;;;;;;;;;;;;;"CLASS 2";23;12;9;20;18;0;0;;70;100;;30;;0;;0;;0
;;;;;;;;;;;;;;;;;;"CLASS 3";42;70;16;30;25;0;0;;80;100;;40;;0;;0;;0
;;;;;;;;;;;;;;;;;;"CLASS 4";75;250;24;60;30;0;0;;80;100;;50;;0;;0;;0
;;;;;;;;;;;;;;;;;;"CLASS ＥＸ";85;275;26;70;33;0;0;;80;100;;60;;0;;0;;0
